"Number","Name","Type.1","Type.2","HP","Attack","Defense","SP_Atk","SP_Def","Speed","Generation","Legendary","Total"
1,"Bulbasaur","Grass","Poison",45,49,49,65,65,45,1,FALSE,"<=500"
2,"Ivysaur","Grass","Poison",60,62,63,80,80,60,1,FALSE,"<=500"
3,"Venusaur","Grass","Poison",80,82,83,100,100,80,1,FALSE,">500"
3,"VenusaurMega Venusaur","Grass","Poison",80,100,123,122,120,80,1,FALSE,">500"
4,"Charmander","Fire","NO",39,52,43,60,50,65,1,FALSE,"<=500"
5,"Charmeleon","Fire","NO",58,64,58,80,65,80,1,FALSE,"<=500"
6,"Charizard","Fire","Flying",78,84,78,109,85,100,1,FALSE,">500"
6,"CharizardMega Charizard X","Fire","Dragon",78,130,111,130,85,100,1,FALSE,">500"
6,"CharizardMega Charizard Y","Fire","Flying",78,104,78,159,115,100,1,FALSE,">500"
7,"Squirtle","Water","NO",44,48,65,50,64,43,1,FALSE,"<=500"
8,"Wartortle","Water","NO",59,63,80,65,80,58,1,FALSE,"<=500"
9,"Blastoise","Water","NO",79,83,100,85,105,78,1,FALSE,">500"
9,"BlastoiseMega Blastoise","Water","NO",79,103,120,135,115,78,1,FALSE,">500"
10,"Caterpie","Bug","NO",45,30,35,20,20,45,1,FALSE,"<=500"
11,"Metapod","Bug","NO",50,20,55,25,25,30,1,FALSE,"<=500"
12,"Butterfree","Bug","Flying",60,45,50,90,80,70,1,FALSE,"<=500"
13,"Weedle","Bug","Poison",40,35,30,20,20,50,1,FALSE,"<=500"
14,"Kakuna","Bug","Poison",45,25,50,25,25,35,1,FALSE,"<=500"
15,"Beedrill","Bug","Poison",65,90,40,45,80,75,1,FALSE,"<=500"
15,"BeedrillMega Beedrill","Bug","Poison",65,150,40,15,80,145,1,FALSE,"<=500"
16,"Pidgey","Normal","Flying",40,45,40,35,35,56,1,FALSE,"<=500"
17,"Pidgeotto","Normal","Flying",63,60,55,50,50,71,1,FALSE,"<=500"
18,"Pidgeot","Normal","Flying",83,80,75,70,70,101,1,FALSE,"<=500"
18,"PidgeotMega Pidgeot","Normal","Flying",83,80,80,135,80,121,1,FALSE,">500"
19,"Rattata","Normal","NO",30,56,35,25,35,72,1,FALSE,"<=500"
20,"Raticate","Normal","NO",55,81,60,50,70,97,1,FALSE,"<=500"
21,"Spearow","Normal","Flying",40,60,30,31,31,70,1,FALSE,"<=500"
22,"Fearow","Normal","Flying",65,90,65,61,61,100,1,FALSE,"<=500"
23,"Ekans","Poison","NO",35,60,44,40,54,55,1,FALSE,"<=500"
24,"Arbok","Poison","NO",60,85,69,65,79,80,1,FALSE,"<=500"
25,"Pikachu","Electric","NO",35,55,40,50,50,90,1,FALSE,"<=500"
26,"Raichu","Electric","NO",60,90,55,90,80,110,1,FALSE,"<=500"
27,"Sandshrew","Ground","NO",50,75,85,20,30,40,1,FALSE,"<=500"
28,"Sandslash","Ground","NO",75,100,110,45,55,65,1,FALSE,"<=500"
29,"NidoranÌ¢‰ã¢‰âÂ","Poison","NO",55,47,52,40,40,41,1,FALSE,"<=500"
30,"Nidorina","Poison","NO",70,62,67,55,55,56,1,FALSE,"<=500"
31,"Nidoqueen","Poison","Ground",90,92,87,75,85,76,1,FALSE,">500"
32,"NidoranÌ¢‰ã¢‰Û_","Poison","NO",46,57,40,40,40,50,1,FALSE,"<=500"
33,"Nidorino","Poison","NO",61,72,57,55,55,65,1,FALSE,"<=500"
34,"Nidoking","Poison","Ground",81,102,77,85,75,85,1,FALSE,">500"
35,"Clefairy","Fairy","NO",70,45,48,60,65,35,1,FALSE,"<=500"
36,"Clefable","Fairy","NO",95,70,73,95,90,60,1,FALSE,"<=500"
37,"Vulpix","Fire","NO",38,41,40,50,65,65,1,FALSE,"<=500"
38,"Ninetales","Fire","NO",73,76,75,81,100,100,1,FALSE,">500"
39,"Jigglypuff","Normal","Fairy",115,45,20,45,25,20,1,FALSE,"<=500"
40,"Wigglytuff","Normal","Fairy",140,70,45,85,50,45,1,FALSE,"<=500"
41,"Zubat","Poison","Flying",40,45,35,30,40,55,1,FALSE,"<=500"
42,"Golbat","Poison","Flying",75,80,70,65,75,90,1,FALSE,"<=500"
43,"Oddish","Grass","Poison",45,50,55,75,65,30,1,FALSE,"<=500"
44,"Gloom","Grass","Poison",60,65,70,85,75,40,1,FALSE,"<=500"
45,"Vileplume","Grass","Poison",75,80,85,110,90,50,1,FALSE,"<=500"
46,"Paras","Bug","Grass",35,70,55,45,55,25,1,FALSE,"<=500"
47,"Parasect","Bug","Grass",60,95,80,60,80,30,1,FALSE,"<=500"
48,"Venonat","Bug","Poison",60,55,50,40,55,45,1,FALSE,"<=500"
49,"Venomoth","Bug","Poison",70,65,60,90,75,90,1,FALSE,"<=500"
50,"Diglett","Ground","NO",10,55,25,35,45,95,1,FALSE,"<=500"
51,"Dugtrio","Ground","NO",35,80,50,50,70,120,1,FALSE,"<=500"
52,"Meowth","Normal","NO",40,45,35,40,40,90,1,FALSE,"<=500"
53,"Persian","Normal","NO",65,70,60,65,65,115,1,FALSE,"<=500"
54,"Psyduck","Water","NO",50,52,48,65,50,55,1,FALSE,"<=500"
55,"Golduck","Water","NO",80,82,78,95,80,85,1,FALSE,"<=500"
56,"Mankey","Fighting","NO",40,80,35,35,45,70,1,FALSE,"<=500"
57,"Primeape","Fighting","NO",65,105,60,60,70,95,1,FALSE,"<=500"
58,"Growlithe","Fire","NO",55,70,45,70,50,60,1,FALSE,"<=500"
59,"Arcanine","Fire","NO",90,110,80,100,80,95,1,FALSE,">500"
60,"Poliwag","Water","NO",40,50,40,40,40,90,1,FALSE,"<=500"
61,"Poliwhirl","Water","NO",65,65,65,50,50,90,1,FALSE,"<=500"
62,"Poliwrath","Water","Fighting",90,95,95,70,90,70,1,FALSE,">500"
63,"Abra","Psychic","NO",25,20,15,105,55,90,1,FALSE,"<=500"
64,"Kadabra","Psychic","NO",40,35,30,120,70,105,1,FALSE,"<=500"
65,"Alakazam","Psychic","NO",55,50,45,135,95,120,1,FALSE,"<=500"
65,"AlakazamMega Alakazam","Psychic","NO",55,50,65,175,95,150,1,FALSE,">500"
66,"Machop","Fighting","NO",70,80,50,35,35,35,1,FALSE,"<=500"
67,"Machoke","Fighting","NO",80,100,70,50,60,45,1,FALSE,"<=500"
68,"Machamp","Fighting","NO",90,130,80,65,85,55,1,FALSE,">500"
69,"Bellsprout","Grass","Poison",50,75,35,70,30,40,1,FALSE,"<=500"
70,"Weepinbell","Grass","Poison",65,90,50,85,45,55,1,FALSE,"<=500"
71,"Victreebel","Grass","Poison",80,105,65,100,70,70,1,FALSE,"<=500"
72,"Tentacool","Water","Poison",40,40,35,50,100,70,1,FALSE,"<=500"
73,"Tentacruel","Water","Poison",80,70,65,80,120,100,1,FALSE,">500"
74,"Geodude","Rock","Ground",40,80,100,30,30,20,1,FALSE,"<=500"
75,"Graveler","Rock","Ground",55,95,115,45,45,35,1,FALSE,"<=500"
76,"Golem","Rock","Ground",80,120,130,55,65,45,1,FALSE,"<=500"
77,"Ponyta","Fire","NO",50,85,55,65,65,90,1,FALSE,"<=500"
78,"Rapidash","Fire","NO",65,100,70,80,80,105,1,FALSE,"<=500"
79,"Slowpoke","Water","Psychic",90,65,65,40,40,15,1,FALSE,"<=500"
80,"Slowbro","Water","Psychic",95,75,110,100,80,30,1,FALSE,"<=500"
80,"SlowbroMega Slowbro","Water","Psychic",95,75,180,130,80,30,1,FALSE,">500"
81,"Magnemite","Electric","Steel",25,35,70,95,55,45,1,FALSE,"<=500"
82,"Magneton","Electric","Steel",50,60,95,120,70,70,1,FALSE,"<=500"
83,"Farfetch'd","Normal","Flying",52,65,55,58,62,60,1,FALSE,"<=500"
84,"Doduo","Normal","Flying",35,85,45,35,35,75,1,FALSE,"<=500"
85,"Dodrio","Normal","Flying",60,110,70,60,60,100,1,FALSE,"<=500"
86,"Seel","Water","NO",65,45,55,45,70,45,1,FALSE,"<=500"
87,"Dewgong","Water","Ice",90,70,80,70,95,70,1,FALSE,"<=500"
88,"Grimer","Poison","NO",80,80,50,40,50,25,1,FALSE,"<=500"
89,"Muk","Poison","NO",105,105,75,65,100,50,1,FALSE,"<=500"
90,"Shellder","Water","NO",30,65,100,45,25,40,1,FALSE,"<=500"
91,"Cloyster","Water","Ice",50,95,180,85,45,70,1,FALSE,">500"
92,"Gastly","Ghost","Poison",30,35,30,100,35,80,1,FALSE,"<=500"
93,"Haunter","Ghost","Poison",45,50,45,115,55,95,1,FALSE,"<=500"
94,"Gengar","Ghost","Poison",60,65,60,130,75,110,1,FALSE,"<=500"
94,"GengarMega Gengar","Ghost","Poison",60,65,80,170,95,130,1,FALSE,">500"
95,"Onix","Rock","Ground",35,45,160,30,45,70,1,FALSE,"<=500"
96,"Drowzee","Psychic","NO",60,48,45,43,90,42,1,FALSE,"<=500"
97,"Hypno","Psychic","NO",85,73,70,73,115,67,1,FALSE,"<=500"
98,"Krabby","Water","NO",30,105,90,25,25,50,1,FALSE,"<=500"
99,"Kingler","Water","NO",55,130,115,50,50,75,1,FALSE,"<=500"
100,"Voltorb","Electric","NO",40,30,50,55,55,100,1,FALSE,"<=500"
101,"Electrode","Electric","NO",60,50,70,80,80,140,1,FALSE,"<=500"
102,"Exeggcute","Grass","Psychic",60,40,80,60,45,40,1,FALSE,"<=500"
103,"Exeggutor","Grass","Psychic",95,95,85,125,65,55,1,FALSE,">500"
104,"Cubone","Ground","NO",50,50,95,40,50,35,1,FALSE,"<=500"
105,"Marowak","Ground","NO",60,80,110,50,80,45,1,FALSE,"<=500"
106,"Hitmonlee","Fighting","NO",50,120,53,35,110,87,1,FALSE,"<=500"
107,"Hitmonchan","Fighting","NO",50,105,79,35,110,76,1,FALSE,"<=500"
108,"Lickitung","Normal","NO",90,55,75,60,75,30,1,FALSE,"<=500"
109,"Koffing","Poison","NO",40,65,95,60,45,35,1,FALSE,"<=500"
110,"Weezing","Poison","NO",65,90,120,85,70,60,1,FALSE,"<=500"
111,"Rhyhorn","Ground","Rock",80,85,95,30,30,25,1,FALSE,"<=500"
112,"Rhydon","Ground","Rock",105,130,120,45,45,40,1,FALSE,"<=500"
113,"Chansey","Normal","NO",250,5,5,35,105,50,1,FALSE,"<=500"
114,"Tangela","Grass","NO",65,55,115,100,40,60,1,FALSE,"<=500"
115,"Kangaskhan","Normal","NO",105,95,80,40,80,90,1,FALSE,"<=500"
115,"KangaskhanMega Kangaskhan","Normal","NO",105,125,100,60,100,100,1,FALSE,">500"
116,"Horsea","Water","NO",30,40,70,70,25,60,1,FALSE,"<=500"
117,"Seadra","Water","NO",55,65,95,95,45,85,1,FALSE,"<=500"
118,"Goldeen","Water","NO",45,67,60,35,50,63,1,FALSE,"<=500"
119,"Seaking","Water","NO",80,92,65,65,80,68,1,FALSE,"<=500"
120,"Staryu","Water","NO",30,45,55,70,55,85,1,FALSE,"<=500"
121,"Starmie","Water","Psychic",60,75,85,100,85,115,1,FALSE,">500"
122,"Mr. Mime","Psychic","Fairy",40,45,65,100,120,90,1,FALSE,"<=500"
123,"Scyther","Bug","Flying",70,110,80,55,80,105,1,FALSE,"<=500"
124,"Jynx","Ice","Psychic",65,50,35,115,95,95,1,FALSE,"<=500"
125,"Electabuzz","Electric","NO",65,83,57,95,85,105,1,FALSE,"<=500"
126,"Magmar","Fire","NO",65,95,57,100,85,93,1,FALSE,"<=500"
127,"Pinsir","Bug","NO",65,125,100,55,70,85,1,FALSE,"<=500"
127,"PinsirMega Pinsir","Bug","Flying",65,155,120,65,90,105,1,FALSE,">500"
128,"Tauros","Normal","NO",75,100,95,40,70,110,1,FALSE,"<=500"
129,"Magikarp","Water","NO",20,10,55,15,20,80,1,FALSE,"<=500"
130,"Gyarados","Water","Flying",95,125,79,60,100,81,1,FALSE,">500"
130,"GyaradosMega Gyarados","Water","Dark",95,155,109,70,130,81,1,FALSE,">500"
131,"Lapras","Water","Ice",130,85,80,85,95,60,1,FALSE,">500"
132,"Ditto","Normal","NO",48,48,48,48,48,48,1,FALSE,"<=500"
133,"Eevee","Normal","NO",55,55,50,45,65,55,1,FALSE,"<=500"
134,"Vaporeon","Water","NO",130,65,60,110,95,65,1,FALSE,">500"
135,"Jolteon","Electric","NO",65,65,60,110,95,130,1,FALSE,">500"
136,"Flareon","Fire","NO",65,130,60,95,110,65,1,FALSE,">500"
137,"Porygon","Normal","NO",65,60,70,85,75,40,1,FALSE,"<=500"
138,"Omanyte","Rock","Water",35,40,100,90,55,35,1,FALSE,"<=500"
139,"Omastar","Rock","Water",70,60,125,115,70,55,1,FALSE,"<=500"
140,"Kabuto","Rock","Water",30,80,90,55,45,55,1,FALSE,"<=500"
141,"Kabutops","Rock","Water",60,115,105,65,70,80,1,FALSE,"<=500"
142,"Aerodactyl","Rock","Flying",80,105,65,60,75,130,1,FALSE,">500"
142,"AerodactylMega Aerodactyl","Rock","Flying",80,135,85,70,95,150,1,FALSE,">500"
143,"Snorlax","Normal","NO",160,110,65,65,110,30,1,FALSE,">500"
144,"Articuno","Ice","Flying",90,85,100,95,125,85,1,TRUE,">500"
145,"Zapdos","Electric","Flying",90,90,85,125,90,100,1,TRUE,">500"
146,"Moltres","Fire","Flying",90,100,90,125,85,90,1,TRUE,">500"
147,"Dratini","Dragon","NO",41,64,45,50,50,50,1,FALSE,"<=500"
148,"Dragonair","Dragon","NO",61,84,65,70,70,70,1,FALSE,"<=500"
149,"Dragonite","Dragon","Flying",91,134,95,100,100,80,1,FALSE,">500"
150,"Mewtwo","Psychic","NO",106,110,90,154,90,130,1,TRUE,">500"
150,"MewtwoMega Mewtwo X","Psychic","Fighting",106,190,100,154,100,130,1,TRUE,">500"
150,"MewtwoMega Mewtwo Y","Psychic","NO",106,150,70,194,120,140,1,TRUE,">500"
151,"Mew","Psychic","NO",100,100,100,100,100,100,1,FALSE,">500"
152,"Chikorita","Grass","NO",45,49,65,49,65,45,2,FALSE,"<=500"
153,"Bayleef","Grass","NO",60,62,80,63,80,60,2,FALSE,"<=500"
154,"Meganium","Grass","NO",80,82,100,83,100,80,2,FALSE,">500"
155,"Cyndaquil","Fire","NO",39,52,43,60,50,65,2,FALSE,"<=500"
156,"Quilava","Fire","NO",58,64,58,80,65,80,2,FALSE,"<=500"
157,"Typhlosion","Fire","NO",78,84,78,109,85,100,2,FALSE,">500"
158,"Totodile","Water","NO",50,65,64,44,48,43,2,FALSE,"<=500"
159,"Croconaw","Water","NO",65,80,80,59,63,58,2,FALSE,"<=500"
160,"Feraligatr","Water","NO",85,105,100,79,83,78,2,FALSE,">500"
161,"Sentret","Normal","NO",35,46,34,35,45,20,2,FALSE,"<=500"
162,"Furret","Normal","NO",85,76,64,45,55,90,2,FALSE,"<=500"
163,"Hoothoot","Normal","Flying",60,30,30,36,56,50,2,FALSE,"<=500"
164,"Noctowl","Normal","Flying",100,50,50,76,96,70,2,FALSE,"<=500"
165,"Ledyba","Bug","Flying",40,20,30,40,80,55,2,FALSE,"<=500"
166,"Ledian","Bug","Flying",55,35,50,55,110,85,2,FALSE,"<=500"
167,"Spinarak","Bug","Poison",40,60,40,40,40,30,2,FALSE,"<=500"
168,"Ariados","Bug","Poison",70,90,70,60,60,40,2,FALSE,"<=500"
169,"Crobat","Poison","Flying",85,90,80,70,80,130,2,FALSE,">500"
170,"Chinchou","Water","Electric",75,38,38,56,56,67,2,FALSE,"<=500"
171,"Lanturn","Water","Electric",125,58,58,76,76,67,2,FALSE,"<=500"
172,"Pichu","Electric","NO",20,40,15,35,35,60,2,FALSE,"<=500"
173,"Cleffa","Fairy","NO",50,25,28,45,55,15,2,FALSE,"<=500"
174,"Igglybuff","Normal","Fairy",90,30,15,40,20,15,2,FALSE,"<=500"
175,"Togepi","Fairy","NO",35,20,65,40,65,20,2,FALSE,"<=500"
176,"Togetic","Fairy","Flying",55,40,85,80,105,40,2,FALSE,"<=500"
177,"Natu","Psychic","Flying",40,50,45,70,45,70,2,FALSE,"<=500"
178,"Xatu","Psychic","Flying",65,75,70,95,70,95,2,FALSE,"<=500"
179,"Mareep","Electric","NO",55,40,40,65,45,35,2,FALSE,"<=500"
180,"Flaaffy","Electric","NO",70,55,55,80,60,45,2,FALSE,"<=500"
181,"Ampharos","Electric","NO",90,75,85,115,90,55,2,FALSE,">500"
181,"AmpharosMega Ampharos","Electric","Dragon",90,95,105,165,110,45,2,FALSE,">500"
182,"Bellossom","Grass","NO",75,80,95,90,100,50,2,FALSE,"<=500"
183,"Marill","Water","Fairy",70,20,50,20,50,40,2,FALSE,"<=500"
184,"Azumarill","Water","Fairy",100,50,80,60,80,50,2,FALSE,"<=500"
185,"Sudowoodo","Rock","NO",70,100,115,30,65,30,2,FALSE,"<=500"
186,"Politoed","Water","NO",90,75,75,90,100,70,2,FALSE,"<=500"
187,"Hoppip","Grass","Flying",35,35,40,35,55,50,2,FALSE,"<=500"
188,"Skiploom","Grass","Flying",55,45,50,45,65,80,2,FALSE,"<=500"
189,"Jumpluff","Grass","Flying",75,55,70,55,95,110,2,FALSE,"<=500"
190,"Aipom","Normal","NO",55,70,55,40,55,85,2,FALSE,"<=500"
191,"Sunkern","Grass","NO",30,30,30,30,30,30,2,FALSE,"<=500"
192,"Sunflora","Grass","NO",75,75,55,105,85,30,2,FALSE,"<=500"
193,"Yanma","Bug","Flying",65,65,45,75,45,95,2,FALSE,"<=500"
194,"Wooper","Water","Ground",55,45,45,25,25,15,2,FALSE,"<=500"
195,"Quagsire","Water","Ground",95,85,85,65,65,35,2,FALSE,"<=500"
196,"Espeon","Psychic","NO",65,65,60,130,95,110,2,FALSE,">500"
197,"Umbreon","Dark","NO",95,65,110,60,130,65,2,FALSE,">500"
198,"Murkrow","Dark","Flying",60,85,42,85,42,91,2,FALSE,"<=500"
199,"Slowking","Water","Psychic",95,75,80,100,110,30,2,FALSE,"<=500"
200,"Misdreavus","Ghost","NO",60,60,60,85,85,85,2,FALSE,"<=500"
201,"Unown","Psychic","NO",48,72,48,72,48,48,2,FALSE,"<=500"
202,"Wobbuffet","Psychic","NO",190,33,58,33,58,33,2,FALSE,"<=500"
203,"Girafarig","Normal","Psychic",70,80,65,90,65,85,2,FALSE,"<=500"
204,"Pineco","Bug","NO",50,65,90,35,35,15,2,FALSE,"<=500"
205,"Forretress","Bug","Steel",75,90,140,60,60,40,2,FALSE,"<=500"
206,"Dunsparce","Normal","NO",100,70,70,65,65,45,2,FALSE,"<=500"
207,"Gligar","Ground","Flying",65,75,105,35,65,85,2,FALSE,"<=500"
208,"Steelix","Steel","Ground",75,85,200,55,65,30,2,FALSE,">500"
208,"SteelixMega Steelix","Steel","Ground",75,125,230,55,95,30,2,FALSE,">500"
209,"Snubbull","Fairy","NO",60,80,50,40,40,30,2,FALSE,"<=500"
210,"Granbull","Fairy","NO",90,120,75,60,60,45,2,FALSE,"<=500"
211,"Qwilfish","Water","Poison",65,95,75,55,55,85,2,FALSE,"<=500"
212,"Scizor","Bug","Steel",70,130,100,55,80,65,2,FALSE,"<=500"
212,"ScizorMega Scizor","Bug","Steel",70,150,140,65,100,75,2,FALSE,">500"
213,"Shuckle","Bug","Rock",20,10,230,10,230,5,2,FALSE,">500"
214,"Heracross","Bug","Fighting",80,125,75,40,95,85,2,FALSE,"<=500"
214,"HeracrossMega Heracross","Bug","Fighting",80,185,115,40,105,75,2,FALSE,">500"
215,"Sneasel","Dark","Ice",55,95,55,35,75,115,2,FALSE,"<=500"
216,"Teddiursa","Normal","NO",60,80,50,50,50,40,2,FALSE,"<=500"
217,"Ursaring","Normal","NO",90,130,75,75,75,55,2,FALSE,"<=500"
218,"Slugma","Fire","NO",40,40,40,70,40,20,2,FALSE,"<=500"
219,"Magcargo","Fire","Rock",50,50,120,80,80,30,2,FALSE,"<=500"
220,"Swinub","Ice","Ground",50,50,40,30,30,50,2,FALSE,"<=500"
221,"Piloswine","Ice","Ground",100,100,80,60,60,50,2,FALSE,"<=500"
222,"Corsola","Water","Rock",55,55,85,65,85,35,2,FALSE,"<=500"
223,"Remoraid","Water","NO",35,65,35,65,35,65,2,FALSE,"<=500"
224,"Octillery","Water","NO",75,105,75,105,75,45,2,FALSE,"<=500"
225,"Delibird","Ice","Flying",45,55,45,65,45,75,2,FALSE,"<=500"
226,"Mantine","Water","Flying",65,40,70,80,140,70,2,FALSE,"<=500"
227,"Skarmory","Steel","Flying",65,80,140,40,70,70,2,FALSE,"<=500"
228,"Houndour","Dark","Fire",45,60,30,80,50,65,2,FALSE,"<=500"
229,"Houndoom","Dark","Fire",75,90,50,110,80,95,2,FALSE,"<=500"
229,"HoundoomMega Houndoom","Dark","Fire",75,90,90,140,90,115,2,FALSE,">500"
230,"Kingdra","Water","Dragon",75,95,95,95,95,85,2,FALSE,">500"
231,"Phanpy","Ground","NO",90,60,60,40,40,40,2,FALSE,"<=500"
232,"Donphan","Ground","NO",90,120,120,60,60,50,2,FALSE,"<=500"
233,"Porygon2","Normal","NO",85,80,90,105,95,60,2,FALSE,">500"
234,"Stantler","Normal","NO",73,95,62,85,65,85,2,FALSE,"<=500"
235,"Smeargle","Normal","NO",55,20,35,20,45,75,2,FALSE,"<=500"
236,"Tyrogue","Fighting","NO",35,35,35,35,35,35,2,FALSE,"<=500"
237,"Hitmontop","Fighting","NO",50,95,95,35,110,70,2,FALSE,"<=500"
238,"Smoochum","Ice","Psychic",45,30,15,85,65,65,2,FALSE,"<=500"
239,"Elekid","Electric","NO",45,63,37,65,55,95,2,FALSE,"<=500"
240,"Magby","Fire","NO",45,75,37,70,55,83,2,FALSE,"<=500"
241,"Miltank","Normal","NO",95,80,105,40,70,100,2,FALSE,"<=500"
242,"Blissey","Normal","NO",255,10,10,75,135,55,2,FALSE,">500"
243,"Raikou","Electric","NO",90,85,75,115,100,115,2,TRUE,">500"
244,"Entei","Fire","NO",115,115,85,90,75,100,2,TRUE,">500"
245,"Suicune","Water","NO",100,75,115,90,115,85,2,TRUE,">500"
246,"Larvitar","Rock","Ground",50,64,50,45,50,41,2,FALSE,"<=500"
247,"Pupitar","Rock","Ground",70,84,70,65,70,51,2,FALSE,"<=500"
248,"Tyranitar","Rock","Dark",100,134,110,95,100,61,2,FALSE,">500"
248,"TyranitarMega Tyranitar","Rock","Dark",100,164,150,95,120,71,2,FALSE,">500"
249,"Lugia","Psychic","Flying",106,90,130,90,154,110,2,TRUE,">500"
250,"Ho-oh","Fire","Flying",106,130,90,110,154,90,2,TRUE,">500"
251,"Celebi","Psychic","Grass",100,100,100,100,100,100,2,FALSE,">500"
252,"Treecko","Grass","NO",40,45,35,65,55,70,3,FALSE,"<=500"
253,"Grovyle","Grass","NO",50,65,45,85,65,95,3,FALSE,"<=500"
254,"Sceptile","Grass","NO",70,85,65,105,85,120,3,FALSE,">500"
254,"SceptileMega Sceptile","Grass","Dragon",70,110,75,145,85,145,3,FALSE,">500"
255,"Torchic","Fire","NO",45,60,40,70,50,45,3,FALSE,"<=500"
256,"Combusken","Fire","Fighting",60,85,60,85,60,55,3,FALSE,"<=500"
257,"Blaziken","Fire","Fighting",80,120,70,110,70,80,3,FALSE,">500"
257,"BlazikenMega Blaziken","Fire","Fighting",80,160,80,130,80,100,3,FALSE,">500"
258,"Mudkip","Water","NO",50,70,50,50,50,40,3,FALSE,"<=500"
259,"Marshtomp","Water","Ground",70,85,70,60,70,50,3,FALSE,"<=500"
260,"Swampert","Water","Ground",100,110,90,85,90,60,3,FALSE,">500"
260,"SwampertMega Swampert","Water","Ground",100,150,110,95,110,70,3,FALSE,">500"
261,"Poochyena","Dark","NO",35,55,35,30,30,35,3,FALSE,"<=500"
262,"Mightyena","Dark","NO",70,90,70,60,60,70,3,FALSE,"<=500"
263,"Zigzagoon","Normal","NO",38,30,41,30,41,60,3,FALSE,"<=500"
264,"Linoone","Normal","NO",78,70,61,50,61,100,3,FALSE,"<=500"
265,"Wurmple","Bug","NO",45,45,35,20,30,20,3,FALSE,"<=500"
266,"Silcoon","Bug","NO",50,35,55,25,25,15,3,FALSE,"<=500"
267,"Beautifly","Bug","Flying",60,70,50,100,50,65,3,FALSE,"<=500"
268,"Cascoon","Bug","NO",50,35,55,25,25,15,3,FALSE,"<=500"
269,"Dustox","Bug","Poison",60,50,70,50,90,65,3,FALSE,"<=500"
270,"Lotad","Water","Grass",40,30,30,40,50,30,3,FALSE,"<=500"
271,"Lombre","Water","Grass",60,50,50,60,70,50,3,FALSE,"<=500"
272,"Ludicolo","Water","Grass",80,70,70,90,100,70,3,FALSE,"<=500"
273,"Seedot","Grass","NO",40,40,50,30,30,30,3,FALSE,"<=500"
274,"Nuzleaf","Grass","Dark",70,70,40,60,40,60,3,FALSE,"<=500"
275,"Shiftry","Grass","Dark",90,100,60,90,60,80,3,FALSE,"<=500"
276,"Taillow","Normal","Flying",40,55,30,30,30,85,3,FALSE,"<=500"
277,"Swellow","Normal","Flying",60,85,60,50,50,125,3,FALSE,"<=500"
278,"Wingull","Water","Flying",40,30,30,55,30,85,3,FALSE,"<=500"
279,"Pelipper","Water","Flying",60,50,100,85,70,65,3,FALSE,"<=500"
280,"Ralts","Psychic","Fairy",28,25,25,45,35,40,3,FALSE,"<=500"
281,"Kirlia","Psychic","Fairy",38,35,35,65,55,50,3,FALSE,"<=500"
282,"Gardevoir","Psychic","Fairy",68,65,65,125,115,80,3,FALSE,">500"
282,"GardevoirMega Gardevoir","Psychic","Fairy",68,85,65,165,135,100,3,FALSE,">500"
283,"Surskit","Bug","Water",40,30,32,50,52,65,3,FALSE,"<=500"
284,"Masquerain","Bug","Flying",70,60,62,80,82,60,3,FALSE,"<=500"
285,"Shroomish","Grass","NO",60,40,60,40,60,35,3,FALSE,"<=500"
286,"Breloom","Grass","Fighting",60,130,80,60,60,70,3,FALSE,"<=500"
287,"Slakoth","Normal","NO",60,60,60,35,35,30,3,FALSE,"<=500"
288,"Vigoroth","Normal","NO",80,80,80,55,55,90,3,FALSE,"<=500"
289,"Slaking","Normal","NO",150,160,100,95,65,100,3,FALSE,">500"
290,"Nincada","Bug","Ground",31,45,90,30,30,40,3,FALSE,"<=500"
291,"Ninjask","Bug","Flying",61,90,45,50,50,160,3,FALSE,"<=500"
292,"Shedinja","Bug","Ghost",1,90,45,30,30,40,3,FALSE,"<=500"
293,"Whismur","Normal","NO",64,51,23,51,23,28,3,FALSE,"<=500"
294,"Loudred","Normal","NO",84,71,43,71,43,48,3,FALSE,"<=500"
295,"Exploud","Normal","NO",104,91,63,91,73,68,3,FALSE,"<=500"
296,"Makuhita","Fighting","NO",72,60,30,20,30,25,3,FALSE,"<=500"
297,"Hariyama","Fighting","NO",144,120,60,40,60,50,3,FALSE,"<=500"
298,"Azurill","Normal","Fairy",50,20,40,20,40,20,3,FALSE,"<=500"
299,"Nosepass","Rock","NO",30,45,135,45,90,30,3,FALSE,"<=500"
300,"Skitty","Normal","NO",50,45,45,35,35,50,3,FALSE,"<=500"
301,"Delcatty","Normal","NO",70,65,65,55,55,70,3,FALSE,"<=500"
302,"Sableye","Dark","Ghost",50,75,75,65,65,50,3,FALSE,"<=500"
302,"SableyeMega Sableye","Dark","Ghost",50,85,125,85,115,20,3,FALSE,"<=500"
303,"Mawile","Steel","Fairy",50,85,85,55,55,50,3,FALSE,"<=500"
303,"MawileMega Mawile","Steel","Fairy",50,105,125,55,95,50,3,FALSE,"<=500"
304,"Aron","Steel","Rock",50,70,100,40,40,30,3,FALSE,"<=500"
305,"Lairon","Steel","Rock",60,90,140,50,50,40,3,FALSE,"<=500"
306,"Aggron","Steel","Rock",70,110,180,60,60,50,3,FALSE,">500"
306,"AggronMega Aggron","Steel","NO",70,140,230,60,80,50,3,FALSE,">500"
307,"Meditite","Fighting","Psychic",30,40,55,40,55,60,3,FALSE,"<=500"
308,"Medicham","Fighting","Psychic",60,60,75,60,75,80,3,FALSE,"<=500"
308,"MedichamMega Medicham","Fighting","Psychic",60,100,85,80,85,100,3,FALSE,">500"
309,"Electrike","Electric","NO",40,45,40,65,40,65,3,FALSE,"<=500"
310,"Manectric","Electric","NO",70,75,60,105,60,105,3,FALSE,"<=500"
310,"ManectricMega Manectric","Electric","NO",70,75,80,135,80,135,3,FALSE,">500"
311,"Plusle","Electric","NO",60,50,40,85,75,95,3,FALSE,"<=500"
312,"Minun","Electric","NO",60,40,50,75,85,95,3,FALSE,"<=500"
313,"Volbeat","Bug","NO",65,73,55,47,75,85,3,FALSE,"<=500"
314,"Illumise","Bug","NO",65,47,55,73,75,85,3,FALSE,"<=500"
315,"Roselia","Grass","Poison",50,60,45,100,80,65,3,FALSE,"<=500"
316,"Gulpin","Poison","NO",70,43,53,43,53,40,3,FALSE,"<=500"
317,"Swalot","Poison","NO",100,73,83,73,83,55,3,FALSE,"<=500"
318,"Carvanha","Water","Dark",45,90,20,65,20,65,3,FALSE,"<=500"
319,"Sharpedo","Water","Dark",70,120,40,95,40,95,3,FALSE,"<=500"
319,"SharpedoMega Sharpedo","Water","Dark",70,140,70,110,65,105,3,FALSE,">500"
320,"Wailmer","Water","NO",130,70,35,70,35,60,3,FALSE,"<=500"
321,"Wailord","Water","NO",170,90,45,90,45,60,3,FALSE,"<=500"
322,"Numel","Fire","Ground",60,60,40,65,45,35,3,FALSE,"<=500"
323,"Camerupt","Fire","Ground",70,100,70,105,75,40,3,FALSE,"<=500"
323,"CameruptMega Camerupt","Fire","Ground",70,120,100,145,105,20,3,FALSE,">500"
324,"Torkoal","Fire","NO",70,85,140,85,70,20,3,FALSE,"<=500"
325,"Spoink","Psychic","NO",60,25,35,70,80,60,3,FALSE,"<=500"
326,"Grumpig","Psychic","NO",80,45,65,90,110,80,3,FALSE,"<=500"
327,"Spinda","Normal","NO",60,60,60,60,60,60,3,FALSE,"<=500"
328,"Trapinch","Ground","NO",45,100,45,45,45,10,3,FALSE,"<=500"
329,"Vibrava","Ground","Dragon",50,70,50,50,50,70,3,FALSE,"<=500"
330,"Flygon","Ground","Dragon",80,100,80,80,80,100,3,FALSE,">500"
331,"Cacnea","Grass","NO",50,85,40,85,40,35,3,FALSE,"<=500"
332,"Cacturne","Grass","Dark",70,115,60,115,60,55,3,FALSE,"<=500"
333,"Swablu","Normal","Flying",45,40,60,40,75,50,3,FALSE,"<=500"
334,"Altaria","Dragon","Flying",75,70,90,70,105,80,3,FALSE,"<=500"
334,"AltariaMega Altaria","Dragon","Fairy",75,110,110,110,105,80,3,FALSE,">500"
335,"Zangoose","Normal","NO",73,115,60,60,60,90,3,FALSE,"<=500"
336,"Seviper","Poison","NO",73,100,60,100,60,65,3,FALSE,"<=500"
337,"Lunatone","Rock","Psychic",70,55,65,95,85,70,3,FALSE,"<=500"
338,"Solrock","Rock","Psychic",70,95,85,55,65,70,3,FALSE,"<=500"
339,"Barboach","Water","Ground",50,48,43,46,41,60,3,FALSE,"<=500"
340,"Whiscash","Water","Ground",110,78,73,76,71,60,3,FALSE,"<=500"
341,"Corphish","Water","NO",43,80,65,50,35,35,3,FALSE,"<=500"
342,"Crawdaunt","Water","Dark",63,120,85,90,55,55,3,FALSE,"<=500"
343,"Baltoy","Ground","Psychic",40,40,55,40,70,55,3,FALSE,"<=500"
344,"Claydol","Ground","Psychic",60,70,105,70,120,75,3,FALSE,"<=500"
345,"Lileep","Rock","Grass",66,41,77,61,87,23,3,FALSE,"<=500"
346,"Cradily","Rock","Grass",86,81,97,81,107,43,3,FALSE,"<=500"
347,"Anorith","Rock","Bug",45,95,50,40,50,75,3,FALSE,"<=500"
348,"Armaldo","Rock","Bug",75,125,100,70,80,45,3,FALSE,"<=500"
349,"Feebas","Water","NO",20,15,20,10,55,80,3,FALSE,"<=500"
350,"Milotic","Water","NO",95,60,79,100,125,81,3,FALSE,">500"
351,"Castform","Normal","NO",70,70,70,70,70,70,3,FALSE,"<=500"
352,"Kecleon","Normal","NO",60,90,70,60,120,40,3,FALSE,"<=500"
353,"Shuppet","Ghost","NO",44,75,35,63,33,45,3,FALSE,"<=500"
354,"Banette","Ghost","NO",64,115,65,83,63,65,3,FALSE,"<=500"
354,"BanetteMega Banette","Ghost","NO",64,165,75,93,83,75,3,FALSE,">500"
355,"Duskull","Ghost","NO",20,40,90,30,90,25,3,FALSE,"<=500"
356,"Dusclops","Ghost","NO",40,70,130,60,130,25,3,FALSE,"<=500"
357,"Tropius","Grass","Flying",99,68,83,72,87,51,3,FALSE,"<=500"
358,"Chimecho","Psychic","NO",65,50,70,95,80,65,3,FALSE,"<=500"
359,"Absol","Dark","NO",65,130,60,75,60,75,3,FALSE,"<=500"
359,"AbsolMega Absol","Dark","NO",65,150,60,115,60,115,3,FALSE,">500"
360,"Wynaut","Psychic","NO",95,23,48,23,48,23,3,FALSE,"<=500"
361,"Snorunt","Ice","NO",50,50,50,50,50,50,3,FALSE,"<=500"
362,"Glalie","Ice","NO",80,80,80,80,80,80,3,FALSE,"<=500"
362,"GlalieMega Glalie","Ice","NO",80,120,80,120,80,100,3,FALSE,">500"
363,"Spheal","Ice","Water",70,40,50,55,50,25,3,FALSE,"<=500"
364,"Sealeo","Ice","Water",90,60,70,75,70,45,3,FALSE,"<=500"
365,"Walrein","Ice","Water",110,80,90,95,90,65,3,FALSE,">500"
366,"Clamperl","Water","NO",35,64,85,74,55,32,3,FALSE,"<=500"
367,"Huntail","Water","NO",55,104,105,94,75,52,3,FALSE,"<=500"
368,"Gorebyss","Water","NO",55,84,105,114,75,52,3,FALSE,"<=500"
369,"Relicanth","Water","Rock",100,90,130,45,65,55,3,FALSE,"<=500"
370,"Luvdisc","Water","NO",43,30,55,40,65,97,3,FALSE,"<=500"
371,"Bagon","Dragon","NO",45,75,60,40,30,50,3,FALSE,"<=500"
372,"Shelgon","Dragon","NO",65,95,100,60,50,50,3,FALSE,"<=500"
373,"Salamence","Dragon","Flying",95,135,80,110,80,100,3,FALSE,">500"
373,"SalamenceMega Salamence","Dragon","Flying",95,145,130,120,90,120,3,FALSE,">500"
374,"Beldum","Steel","Psychic",40,55,80,35,60,30,3,FALSE,"<=500"
375,"Metang","Steel","Psychic",60,75,100,55,80,50,3,FALSE,"<=500"
376,"Metagross","Steel","Psychic",80,135,130,95,90,70,3,FALSE,">500"
376,"MetagrossMega Metagross","Steel","Psychic",80,145,150,105,110,110,3,FALSE,">500"
377,"Regirock","Rock","NO",80,100,200,50,100,50,3,TRUE,">500"
378,"Regice","Ice","NO",80,50,100,100,200,50,3,TRUE,">500"
379,"Registeel","Steel","NO",80,75,150,75,150,50,3,TRUE,">500"
380,"Latias","Dragon","Psychic",80,80,90,110,130,110,3,TRUE,">500"
380,"LatiasMega Latias","Dragon","Psychic",80,100,120,140,150,110,3,TRUE,">500"
381,"Latios","Dragon","Psychic",80,90,80,130,110,110,3,TRUE,">500"
381,"LatiosMega Latios","Dragon","Psychic",80,130,100,160,120,110,3,TRUE,">500"
382,"Kyogre","Water","NO",100,100,90,150,140,90,3,TRUE,">500"
382,"KyogrePrimal Kyogre","Water","NO",100,150,90,180,160,90,3,TRUE,">500"
383,"Groudon","Ground","NO",100,150,140,100,90,90,3,TRUE,">500"
383,"GroudonPrimal Groudon","Ground","Fire",100,180,160,150,90,90,3,TRUE,">500"
384,"Rayquaza","Dragon","Flying",105,150,90,150,90,95,3,TRUE,">500"
384,"RayquazaMega Rayquaza","Dragon","Flying",105,180,100,180,100,115,3,TRUE,">500"
385,"Jirachi","Steel","Psychic",100,100,100,100,100,100,3,TRUE,">500"
386,"DeoxysNormal Forme","Psychic","NO",50,150,50,150,50,150,3,TRUE,">500"
386,"DeoxysAttack Forme","Psychic","NO",50,180,20,180,20,150,3,TRUE,">500"
386,"DeoxysDefense Forme","Psychic","NO",50,70,160,70,160,90,3,TRUE,">500"
386,"DeoxysSpeed Forme","Psychic","NO",50,95,90,95,90,180,3,TRUE,">500"
387,"Turtwig","Grass","NO",55,68,64,45,55,31,4,FALSE,"<=500"
388,"Grotle","Grass","NO",75,89,85,55,65,36,4,FALSE,"<=500"
389,"Torterra","Grass","Ground",95,109,105,75,85,56,4,FALSE,">500"
390,"Chimchar","Fire","NO",44,58,44,58,44,61,4,FALSE,"<=500"
391,"Monferno","Fire","Fighting",64,78,52,78,52,81,4,FALSE,"<=500"
392,"Infernape","Fire","Fighting",76,104,71,104,71,108,4,FALSE,">500"
393,"Piplup","Water","NO",53,51,53,61,56,40,4,FALSE,"<=500"
394,"Prinplup","Water","NO",64,66,68,81,76,50,4,FALSE,"<=500"
395,"Empoleon","Water","Steel",84,86,88,111,101,60,4,FALSE,">500"
396,"Starly","Normal","Flying",40,55,30,30,30,60,4,FALSE,"<=500"
397,"Staravia","Normal","Flying",55,75,50,40,40,80,4,FALSE,"<=500"
398,"Staraptor","Normal","Flying",85,120,70,50,60,100,4,FALSE,"<=500"
399,"Bidoof","Normal","NO",59,45,40,35,40,31,4,FALSE,"<=500"
400,"Bibarel","Normal","Water",79,85,60,55,60,71,4,FALSE,"<=500"
401,"Kricketot","Bug","NO",37,25,41,25,41,25,4,FALSE,"<=500"
402,"Kricketune","Bug","NO",77,85,51,55,51,65,4,FALSE,"<=500"
403,"Shinx","Electric","NO",45,65,34,40,34,45,4,FALSE,"<=500"
404,"Luxio","Electric","NO",60,85,49,60,49,60,4,FALSE,"<=500"
405,"Luxray","Electric","NO",80,120,79,95,79,70,4,FALSE,">500"
406,"Budew","Grass","Poison",40,30,35,50,70,55,4,FALSE,"<=500"
407,"Roserade","Grass","Poison",60,70,65,125,105,90,4,FALSE,">500"
408,"Cranidos","Rock","NO",67,125,40,30,30,58,4,FALSE,"<=500"
409,"Rampardos","Rock","NO",97,165,60,65,50,58,4,FALSE,"<=500"
410,"Shieldon","Rock","Steel",30,42,118,42,88,30,4,FALSE,"<=500"
411,"Bastiodon","Rock","Steel",60,52,168,47,138,30,4,FALSE,"<=500"
412,"Burmy","Bug","NO",40,29,45,29,45,36,4,FALSE,"<=500"
413,"WormadamPlant Cloak","Bug","Grass",60,59,85,79,105,36,4,FALSE,"<=500"
413,"WormadamSandy Cloak","Bug","Ground",60,79,105,59,85,36,4,FALSE,"<=500"
413,"WormadamTrash Cloak","Bug","Steel",60,69,95,69,95,36,4,FALSE,"<=500"
414,"Mothim","Bug","Flying",70,94,50,94,50,66,4,FALSE,"<=500"
415,"Combee","Bug","Flying",30,30,42,30,42,70,4,FALSE,"<=500"
416,"Vespiquen","Bug","Flying",70,80,102,80,102,40,4,FALSE,"<=500"
417,"Pachirisu","Electric","NO",60,45,70,45,90,95,4,FALSE,"<=500"
418,"Buizel","Water","NO",55,65,35,60,30,85,4,FALSE,"<=500"
419,"Floatzel","Water","NO",85,105,55,85,50,115,4,FALSE,"<=500"
420,"Cherubi","Grass","NO",45,35,45,62,53,35,4,FALSE,"<=500"
421,"Cherrim","Grass","NO",70,60,70,87,78,85,4,FALSE,"<=500"
422,"Shellos","Water","NO",76,48,48,57,62,34,4,FALSE,"<=500"
423,"Gastrodon","Water","Ground",111,83,68,92,82,39,4,FALSE,"<=500"
424,"Ambipom","Normal","NO",75,100,66,60,66,115,4,FALSE,"<=500"
425,"Drifloon","Ghost","Flying",90,50,34,60,44,70,4,FALSE,"<=500"
426,"Drifblim","Ghost","Flying",150,80,44,90,54,80,4,FALSE,"<=500"
427,"Buneary","Normal","NO",55,66,44,44,56,85,4,FALSE,"<=500"
428,"Lopunny","Normal","NO",65,76,84,54,96,105,4,FALSE,"<=500"
428,"LopunnyMega Lopunny","Normal","Fighting",65,136,94,54,96,135,4,FALSE,">500"
429,"Mismagius","Ghost","NO",60,60,60,105,105,105,4,FALSE,"<=500"
430,"Honchkrow","Dark","Flying",100,125,52,105,52,71,4,FALSE,">500"
431,"Glameow","Normal","NO",49,55,42,42,37,85,4,FALSE,"<=500"
432,"Purugly","Normal","NO",71,82,64,64,59,112,4,FALSE,"<=500"
433,"Chingling","Psychic","NO",45,30,50,65,50,45,4,FALSE,"<=500"
434,"Stunky","Poison","Dark",63,63,47,41,41,74,4,FALSE,"<=500"
435,"Skuntank","Poison","Dark",103,93,67,71,61,84,4,FALSE,"<=500"
436,"Bronzor","Steel","Psychic",57,24,86,24,86,23,4,FALSE,"<=500"
437,"Bronzong","Steel","Psychic",67,89,116,79,116,33,4,FALSE,"<=500"
438,"Bonsly","Rock","NO",50,80,95,10,45,10,4,FALSE,"<=500"
439,"Mime Jr.","Psychic","Fairy",20,25,45,70,90,60,4,FALSE,"<=500"
440,"Happiny","Normal","NO",100,5,5,15,65,30,4,FALSE,"<=500"
441,"Chatot","Normal","Flying",76,65,45,92,42,91,4,FALSE,"<=500"
442,"Spiritomb","Ghost","Dark",50,92,108,92,108,35,4,FALSE,"<=500"
443,"Gible","Dragon","Ground",58,70,45,40,45,42,4,FALSE,"<=500"
444,"Gabite","Dragon","Ground",68,90,65,50,55,82,4,FALSE,"<=500"
445,"Garchomp","Dragon","Ground",108,130,95,80,85,102,4,FALSE,">500"
445,"GarchompMega Garchomp","Dragon","Ground",108,170,115,120,95,92,4,FALSE,">500"
446,"Munchlax","Normal","NO",135,85,40,40,85,5,4,FALSE,"<=500"
447,"Riolu","Fighting","NO",40,70,40,35,40,60,4,FALSE,"<=500"
448,"Lucario","Fighting","Steel",70,110,70,115,70,90,4,FALSE,">500"
448,"LucarioMega Lucario","Fighting","Steel",70,145,88,140,70,112,4,FALSE,">500"
449,"Hippopotas","Ground","NO",68,72,78,38,42,32,4,FALSE,"<=500"
450,"Hippowdon","Ground","NO",108,112,118,68,72,47,4,FALSE,">500"
451,"Skorupi","Poison","Bug",40,50,90,30,55,65,4,FALSE,"<=500"
452,"Drapion","Poison","Dark",70,90,110,60,75,95,4,FALSE,"<=500"
453,"Croagunk","Poison","Fighting",48,61,40,61,40,50,4,FALSE,"<=500"
454,"Toxicroak","Poison","Fighting",83,106,65,86,65,85,4,FALSE,"<=500"
455,"Carnivine","Grass","NO",74,100,72,90,72,46,4,FALSE,"<=500"
456,"Finneon","Water","NO",49,49,56,49,61,66,4,FALSE,"<=500"
457,"Lumineon","Water","NO",69,69,76,69,86,91,4,FALSE,"<=500"
458,"Mantyke","Water","Flying",45,20,50,60,120,50,4,FALSE,"<=500"
459,"Snover","Grass","Ice",60,62,50,62,60,40,4,FALSE,"<=500"
460,"Abomasnow","Grass","Ice",90,92,75,92,85,60,4,FALSE,"<=500"
460,"AbomasnowMega Abomasnow","Grass","Ice",90,132,105,132,105,30,4,FALSE,">500"
461,"Weavile","Dark","Ice",70,120,65,45,85,125,4,FALSE,">500"
462,"Magnezone","Electric","Steel",70,70,115,130,90,60,4,FALSE,">500"
463,"Lickilicky","Normal","NO",110,85,95,80,95,50,4,FALSE,">500"
464,"Rhyperior","Ground","Rock",115,140,130,55,55,40,4,FALSE,">500"
465,"Tangrowth","Grass","NO",100,100,125,110,50,50,4,FALSE,">500"
466,"Electivire","Electric","NO",75,123,67,95,85,95,4,FALSE,">500"
467,"Magmortar","Fire","NO",75,95,67,125,95,83,4,FALSE,">500"
468,"Togekiss","Fairy","Flying",85,50,95,120,115,80,4,FALSE,">500"
469,"Yanmega","Bug","Flying",86,76,86,116,56,95,4,FALSE,">500"
470,"Leafeon","Grass","NO",65,110,130,60,65,95,4,FALSE,">500"
471,"Glaceon","Ice","NO",65,60,110,130,95,65,4,FALSE,">500"
472,"Gliscor","Ground","Flying",75,95,125,45,75,95,4,FALSE,">500"
473,"Mamoswine","Ice","Ground",110,130,80,70,60,80,4,FALSE,">500"
474,"Porygon-Z","Normal","NO",85,80,70,135,75,90,4,FALSE,">500"
475,"Gallade","Psychic","Fighting",68,125,65,65,115,80,4,FALSE,">500"
475,"GalladeMega Gallade","Psychic","Fighting",68,165,95,65,115,110,4,FALSE,">500"
476,"Probopass","Rock","Steel",60,55,145,75,150,40,4,FALSE,">500"
477,"Dusknoir","Ghost","NO",45,100,135,65,135,45,4,FALSE,">500"
478,"Froslass","Ice","Ghost",70,80,70,80,70,110,4,FALSE,"<=500"
479,"Rotom","Electric","Ghost",50,50,77,95,77,91,4,FALSE,"<=500"
479,"RotomHeat Rotom","Electric","Fire",50,65,107,105,107,86,4,FALSE,">500"
479,"RotomWash Rotom","Electric","Water",50,65,107,105,107,86,4,FALSE,">500"
479,"RotomFrost Rotom","Electric","Ice",50,65,107,105,107,86,4,FALSE,">500"
479,"RotomFan Rotom","Electric","Flying",50,65,107,105,107,86,4,FALSE,">500"
479,"RotomMow Rotom","Electric","Grass",50,65,107,105,107,86,4,FALSE,">500"
480,"Uxie","Psychic","NO",75,75,130,75,130,95,4,TRUE,">500"
481,"Mesprit","Psychic","NO",80,105,105,105,105,80,4,TRUE,">500"
482,"Azelf","Psychic","NO",75,125,70,125,70,115,4,TRUE,">500"
483,"Dialga","Steel","Dragon",100,120,120,150,100,90,4,TRUE,">500"
484,"Palkia","Water","Dragon",90,120,100,150,120,100,4,TRUE,">500"
485,"Heatran","Fire","Steel",91,90,106,130,106,77,4,TRUE,">500"
486,"Regigigas","Normal","NO",110,160,110,80,110,100,4,TRUE,">500"
487,"GiratinaAltered Forme","Ghost","Dragon",150,100,120,100,120,90,4,TRUE,">500"
487,"GiratinaOrigin Forme","Ghost","Dragon",150,120,100,120,100,90,4,TRUE,">500"
488,"Cresselia","Psychic","NO",120,70,120,75,130,85,4,FALSE,">500"
489,"Phione","Water","NO",80,80,80,80,80,80,4,FALSE,"<=500"
490,"Manaphy","Water","NO",100,100,100,100,100,100,4,FALSE,">500"
491,"Darkrai","Dark","NO",70,90,90,135,90,125,4,TRUE,">500"
492,"ShayminLand Forme","Grass","NO",100,100,100,100,100,100,4,TRUE,">500"
492,"ShayminSky Forme","Grass","Flying",100,103,75,120,75,127,4,TRUE,">500"
493,"Arceus","Normal","NO",120,120,120,120,120,120,4,TRUE,">500"
494,"Victini","Psychic","Fire",100,100,100,100,100,100,5,TRUE,">500"
495,"Snivy","Grass","NO",45,45,55,45,55,63,5,FALSE,"<=500"
496,"Servine","Grass","NO",60,60,75,60,75,83,5,FALSE,"<=500"
497,"Serperior","Grass","NO",75,75,95,75,95,113,5,FALSE,">500"
498,"Tepig","Fire","NO",65,63,45,45,45,45,5,FALSE,"<=500"
499,"Pignite","Fire","Fighting",90,93,55,70,55,55,5,FALSE,"<=500"
500,"Emboar","Fire","Fighting",110,123,65,100,65,65,5,FALSE,">500"
501,"Oshawott","Water","NO",55,55,45,63,45,45,5,FALSE,"<=500"
502,"Dewott","Water","NO",75,75,60,83,60,60,5,FALSE,"<=500"
503,"Samurott","Water","NO",95,100,85,108,70,70,5,FALSE,">500"
504,"Patrat","Normal","NO",45,55,39,35,39,42,5,FALSE,"<=500"
505,"Watchog","Normal","NO",60,85,69,60,69,77,5,FALSE,"<=500"
506,"Lillipup","Normal","NO",45,60,45,25,45,55,5,FALSE,"<=500"
507,"Herdier","Normal","NO",65,80,65,35,65,60,5,FALSE,"<=500"
508,"Stoutland","Normal","NO",85,110,90,45,90,80,5,FALSE,"<=500"
509,"Purrloin","Dark","NO",41,50,37,50,37,66,5,FALSE,"<=500"
510,"Liepard","Dark","NO",64,88,50,88,50,106,5,FALSE,"<=500"
511,"Pansage","Grass","NO",50,53,48,53,48,64,5,FALSE,"<=500"
512,"Simisage","Grass","NO",75,98,63,98,63,101,5,FALSE,"<=500"
513,"Pansear","Fire","NO",50,53,48,53,48,64,5,FALSE,"<=500"
514,"Simisear","Fire","NO",75,98,63,98,63,101,5,FALSE,"<=500"
515,"Panpour","Water","NO",50,53,48,53,48,64,5,FALSE,"<=500"
516,"Simipour","Water","NO",75,98,63,98,63,101,5,FALSE,"<=500"
517,"Munna","Psychic","NO",76,25,45,67,55,24,5,FALSE,"<=500"
518,"Musharna","Psychic","NO",116,55,85,107,95,29,5,FALSE,"<=500"
519,"Pidove","Normal","Flying",50,55,50,36,30,43,5,FALSE,"<=500"
520,"Tranquill","Normal","Flying",62,77,62,50,42,65,5,FALSE,"<=500"
521,"Unfezant","Normal","Flying",80,115,80,65,55,93,5,FALSE,"<=500"
522,"Blitzle","Electric","NO",45,60,32,50,32,76,5,FALSE,"<=500"
523,"Zebstrika","Electric","NO",75,100,63,80,63,116,5,FALSE,"<=500"
524,"Roggenrola","Rock","NO",55,75,85,25,25,15,5,FALSE,"<=500"
525,"Boldore","Rock","NO",70,105,105,50,40,20,5,FALSE,"<=500"
526,"Gigalith","Rock","NO",85,135,130,60,80,25,5,FALSE,">500"
527,"Woobat","Psychic","Flying",55,45,43,55,43,72,5,FALSE,"<=500"
528,"Swoobat","Psychic","Flying",67,57,55,77,55,114,5,FALSE,"<=500"
529,"Drilbur","Ground","NO",60,85,40,30,45,68,5,FALSE,"<=500"
530,"Excadrill","Ground","Steel",110,135,60,50,65,88,5,FALSE,">500"
531,"Audino","Normal","NO",103,60,86,60,86,50,5,FALSE,"<=500"
531,"AudinoMega Audino","Normal","Fairy",103,60,126,80,126,50,5,FALSE,">500"
532,"Timburr","Fighting","NO",75,80,55,25,35,35,5,FALSE,"<=500"
533,"Gurdurr","Fighting","NO",85,105,85,40,50,40,5,FALSE,"<=500"
534,"Conkeldurr","Fighting","NO",105,140,95,55,65,45,5,FALSE,">500"
535,"Tympole","Water","NO",50,50,40,50,40,64,5,FALSE,"<=500"
536,"Palpitoad","Water","Ground",75,65,55,65,55,69,5,FALSE,"<=500"
537,"Seismitoad","Water","Ground",105,95,75,85,75,74,5,FALSE,">500"
538,"Throh","Fighting","NO",120,100,85,30,85,45,5,FALSE,"<=500"
539,"Sawk","Fighting","NO",75,125,75,30,75,85,5,FALSE,"<=500"
540,"Sewaddle","Bug","Grass",45,53,70,40,60,42,5,FALSE,"<=500"
541,"Swadloon","Bug","Grass",55,63,90,50,80,42,5,FALSE,"<=500"
542,"Leavanny","Bug","Grass",75,103,80,70,80,92,5,FALSE,"<=500"
543,"Venipede","Bug","Poison",30,45,59,30,39,57,5,FALSE,"<=500"
544,"Whirlipede","Bug","Poison",40,55,99,40,79,47,5,FALSE,"<=500"
545,"Scolipede","Bug","Poison",60,100,89,55,69,112,5,FALSE,"<=500"
546,"Cottonee","Grass","Fairy",40,27,60,37,50,66,5,FALSE,"<=500"
547,"Whimsicott","Grass","Fairy",60,67,85,77,75,116,5,FALSE,"<=500"
548,"Petilil","Grass","NO",45,35,50,70,50,30,5,FALSE,"<=500"
549,"Lilligant","Grass","NO",70,60,75,110,75,90,5,FALSE,"<=500"
550,"Basculin","Water","NO",70,92,65,80,55,98,5,FALSE,"<=500"
551,"Sandile","Ground","Dark",50,72,35,35,35,65,5,FALSE,"<=500"
552,"Krokorok","Ground","Dark",60,82,45,45,45,74,5,FALSE,"<=500"
553,"Krookodile","Ground","Dark",95,117,80,65,70,92,5,FALSE,">500"
554,"Darumaka","Fire","NO",70,90,45,15,45,50,5,FALSE,"<=500"
555,"DarmanitanStandard Mode","Fire","NO",105,140,55,30,55,95,5,FALSE,"<=500"
555,"DarmanitanZen Mode","Fire","Psychic",105,30,105,140,105,55,5,FALSE,">500"
556,"Maractus","Grass","NO",75,86,67,106,67,60,5,FALSE,"<=500"
557,"Dwebble","Bug","Rock",50,65,85,35,35,55,5,FALSE,"<=500"
558,"Crustle","Bug","Rock",70,95,125,65,75,45,5,FALSE,"<=500"
559,"Scraggy","Dark","Fighting",50,75,70,35,70,48,5,FALSE,"<=500"
560,"Scrafty","Dark","Fighting",65,90,115,45,115,58,5,FALSE,"<=500"
561,"Sigilyph","Psychic","Flying",72,58,80,103,80,97,5,FALSE,"<=500"
562,"Yamask","Ghost","NO",38,30,85,55,65,30,5,FALSE,"<=500"
563,"Cofagrigus","Ghost","NO",58,50,145,95,105,30,5,FALSE,"<=500"
564,"Tirtouga","Water","Rock",54,78,103,53,45,22,5,FALSE,"<=500"
565,"Carracosta","Water","Rock",74,108,133,83,65,32,5,FALSE,"<=500"
566,"Archen","Rock","Flying",55,112,45,74,45,70,5,FALSE,"<=500"
567,"Archeops","Rock","Flying",75,140,65,112,65,110,5,FALSE,">500"
568,"Trubbish","Poison","NO",50,50,62,40,62,65,5,FALSE,"<=500"
569,"Garbodor","Poison","NO",80,95,82,60,82,75,5,FALSE,"<=500"
570,"Zorua","Dark","NO",40,65,40,80,40,65,5,FALSE,"<=500"
571,"Zoroark","Dark","NO",60,105,60,120,60,105,5,FALSE,">500"
572,"Minccino","Normal","NO",55,50,40,40,40,75,5,FALSE,"<=500"
573,"Cinccino","Normal","NO",75,95,60,65,60,115,5,FALSE,"<=500"
574,"Gothita","Psychic","NO",45,30,50,55,65,45,5,FALSE,"<=500"
575,"Gothorita","Psychic","NO",60,45,70,75,85,55,5,FALSE,"<=500"
576,"Gothitelle","Psychic","NO",70,55,95,95,110,65,5,FALSE,"<=500"
577,"Solosis","Psychic","NO",45,30,40,105,50,20,5,FALSE,"<=500"
578,"Duosion","Psychic","NO",65,40,50,125,60,30,5,FALSE,"<=500"
579,"Reuniclus","Psychic","NO",110,65,75,125,85,30,5,FALSE,"<=500"
580,"Ducklett","Water","Flying",62,44,50,44,50,55,5,FALSE,"<=500"
581,"Swanna","Water","Flying",75,87,63,87,63,98,5,FALSE,"<=500"
582,"Vanillite","Ice","NO",36,50,50,65,60,44,5,FALSE,"<=500"
583,"Vanillish","Ice","NO",51,65,65,80,75,59,5,FALSE,"<=500"
584,"Vanilluxe","Ice","NO",71,95,85,110,95,79,5,FALSE,">500"
585,"Deerling","Normal","Grass",60,60,50,40,50,75,5,FALSE,"<=500"
586,"Sawsbuck","Normal","Grass",80,100,70,60,70,95,5,FALSE,"<=500"
587,"Emolga","Electric","Flying",55,75,60,75,60,103,5,FALSE,"<=500"
588,"Karrablast","Bug","NO",50,75,45,40,45,60,5,FALSE,"<=500"
589,"Escavalier","Bug","Steel",70,135,105,60,105,20,5,FALSE,"<=500"
590,"Foongus","Grass","Poison",69,55,45,55,55,15,5,FALSE,"<=500"
591,"Amoonguss","Grass","Poison",114,85,70,85,80,30,5,FALSE,"<=500"
592,"Frillish","Water","Ghost",55,40,50,65,85,40,5,FALSE,"<=500"
593,"Jellicent","Water","Ghost",100,60,70,85,105,60,5,FALSE,"<=500"
594,"Alomomola","Water","NO",165,75,80,40,45,65,5,FALSE,"<=500"
595,"Joltik","Bug","Electric",50,47,50,57,50,65,5,FALSE,"<=500"
596,"Galvantula","Bug","Electric",70,77,60,97,60,108,5,FALSE,"<=500"
597,"Ferroseed","Grass","Steel",44,50,91,24,86,10,5,FALSE,"<=500"
598,"Ferrothorn","Grass","Steel",74,94,131,54,116,20,5,FALSE,"<=500"
599,"Klink","Steel","NO",40,55,70,45,60,30,5,FALSE,"<=500"
600,"Klang","Steel","NO",60,80,95,70,85,50,5,FALSE,"<=500"
601,"Klinklang","Steel","NO",60,100,115,70,85,90,5,FALSE,">500"
602,"Tynamo","Electric","NO",35,55,40,45,40,60,5,FALSE,"<=500"
603,"Eelektrik","Electric","NO",65,85,70,75,70,40,5,FALSE,"<=500"
604,"Eelektross","Electric","NO",85,115,80,105,80,50,5,FALSE,">500"
605,"Elgyem","Psychic","NO",55,55,55,85,55,30,5,FALSE,"<=500"
606,"Beheeyem","Psychic","NO",75,75,75,125,95,40,5,FALSE,"<=500"
607,"Litwick","Ghost","Fire",50,30,55,65,55,20,5,FALSE,"<=500"
608,"Lampent","Ghost","Fire",60,40,60,95,60,55,5,FALSE,"<=500"
609,"Chandelure","Ghost","Fire",60,55,90,145,90,80,5,FALSE,">500"
610,"Axew","Dragon","NO",46,87,60,30,40,57,5,FALSE,"<=500"
611,"Fraxure","Dragon","NO",66,117,70,40,50,67,5,FALSE,"<=500"
612,"Haxorus","Dragon","NO",76,147,90,60,70,97,5,FALSE,">500"
613,"Cubchoo","Ice","NO",55,70,40,60,40,40,5,FALSE,"<=500"
614,"Beartic","Ice","NO",95,110,80,70,80,50,5,FALSE,"<=500"
615,"Cryogonal","Ice","NO",70,50,30,95,135,105,5,FALSE,"<=500"
616,"Shelmet","Bug","NO",50,40,85,40,65,25,5,FALSE,"<=500"
617,"Accelgor","Bug","NO",80,70,40,100,60,145,5,FALSE,"<=500"
618,"Stunfisk","Ground","Electric",109,66,84,81,99,32,5,FALSE,"<=500"
619,"Mienfoo","Fighting","NO",45,85,50,55,50,65,5,FALSE,"<=500"
620,"Mienshao","Fighting","NO",65,125,60,95,60,105,5,FALSE,">500"
621,"Druddigon","Dragon","NO",77,120,90,60,90,48,5,FALSE,"<=500"
622,"Golett","Ground","Ghost",59,74,50,35,50,35,5,FALSE,"<=500"
623,"Golurk","Ground","Ghost",89,124,80,55,80,55,5,FALSE,"<=500"
624,"Pawniard","Dark","Steel",45,85,70,40,40,60,5,FALSE,"<=500"
625,"Bisharp","Dark","Steel",65,125,100,60,70,70,5,FALSE,"<=500"
626,"Bouffalant","Normal","NO",95,110,95,40,95,55,5,FALSE,"<=500"
627,"Rufflet","Normal","Flying",70,83,50,37,50,60,5,FALSE,"<=500"
628,"Braviary","Normal","Flying",100,123,75,57,75,80,5,FALSE,">500"
629,"Vullaby","Dark","Flying",70,55,75,45,65,60,5,FALSE,"<=500"
630,"Mandibuzz","Dark","Flying",110,65,105,55,95,80,5,FALSE,">500"
631,"Heatmor","Fire","NO",85,97,66,105,66,65,5,FALSE,"<=500"
632,"Durant","Bug","Steel",58,109,112,48,48,109,5,FALSE,"<=500"
633,"Deino","Dark","Dragon",52,65,50,45,50,38,5,FALSE,"<=500"
634,"Zweilous","Dark","Dragon",72,85,70,65,70,58,5,FALSE,"<=500"
635,"Hydreigon","Dark","Dragon",92,105,90,125,90,98,5,FALSE,">500"
636,"Larvesta","Bug","Fire",55,85,55,50,55,60,5,FALSE,"<=500"
637,"Volcarona","Bug","Fire",85,60,65,135,105,100,5,FALSE,">500"
638,"Cobalion","Steel","Fighting",91,90,129,90,72,108,5,TRUE,">500"
639,"Terrakion","Rock","Fighting",91,129,90,72,90,108,5,TRUE,">500"
640,"Virizion","Grass","Fighting",91,90,72,90,129,108,5,TRUE,">500"
641,"TornadusIncarnate Forme","Flying","NO",79,115,70,125,80,111,5,TRUE,">500"
641,"TornadusTherian Forme","Flying","NO",79,100,80,110,90,121,5,TRUE,">500"
642,"ThundurusIncarnate Forme","Electric","Flying",79,115,70,125,80,111,5,TRUE,">500"
642,"ThundurusTherian Forme","Electric","Flying",79,105,70,145,80,101,5,TRUE,">500"
643,"Reshiram","Dragon","Fire",100,120,100,150,120,90,5,TRUE,">500"
644,"Zekrom","Dragon","Electric",100,150,120,120,100,90,5,TRUE,">500"
645,"LandorusIncarnate Forme","Ground","Flying",89,125,90,115,80,101,5,TRUE,">500"
645,"LandorusTherian Forme","Ground","Flying",89,145,90,105,80,91,5,TRUE,">500"
646,"Kyurem","Dragon","Ice",125,130,90,130,90,95,5,TRUE,">500"
646,"KyuremBlack Kyurem","Dragon","Ice",125,170,100,120,90,95,5,TRUE,">500"
646,"KyuremWhite Kyurem","Dragon","Ice",125,120,90,170,100,95,5,TRUE,">500"
647,"KeldeoOrdinary Forme","Water","Fighting",91,72,90,129,90,108,5,FALSE,">500"
647,"KeldeoResolute Forme","Water","Fighting",91,72,90,129,90,108,5,FALSE,">500"
648,"MeloettaAria Forme","Normal","Psychic",100,77,77,128,128,90,5,FALSE,">500"
648,"MeloettaPirouette Forme","Normal","Fighting",100,128,90,77,77,128,5,FALSE,">500"
649,"Genesect","Bug","Steel",71,120,95,120,95,99,5,FALSE,">500"
650,"Chespin","Grass","NO",56,61,65,48,45,38,6,FALSE,"<=500"
651,"Quilladin","Grass","NO",61,78,95,56,58,57,6,FALSE,"<=500"
652,"Chesnaught","Grass","Fighting",88,107,122,74,75,64,6,FALSE,">500"
653,"Fennekin","Fire","NO",40,45,40,62,60,60,6,FALSE,"<=500"
654,"Braixen","Fire","NO",59,59,58,90,70,73,6,FALSE,"<=500"
655,"Delphox","Fire","Psychic",75,69,72,114,100,104,6,FALSE,">500"
656,"Froakie","Water","NO",41,56,40,62,44,71,6,FALSE,"<=500"
657,"Frogadier","Water","NO",54,63,52,83,56,97,6,FALSE,"<=500"
658,"Greninja","Water","Dark",72,95,67,103,71,122,6,FALSE,">500"
659,"Bunnelby","Normal","NO",38,36,38,32,36,57,6,FALSE,"<=500"
660,"Diggersby","Normal","Ground",85,56,77,50,77,78,6,FALSE,"<=500"
661,"Fletchling","Normal","Flying",45,50,43,40,38,62,6,FALSE,"<=500"
662,"Fletchinder","Fire","Flying",62,73,55,56,52,84,6,FALSE,"<=500"
663,"Talonflame","Fire","Flying",78,81,71,74,69,126,6,FALSE,"<=500"
664,"Scatterbug","Bug","NO",38,35,40,27,25,35,6,FALSE,"<=500"
665,"Spewpa","Bug","NO",45,22,60,27,30,29,6,FALSE,"<=500"
666,"Vivillon","Bug","Flying",80,52,50,90,50,89,6,FALSE,"<=500"
667,"Litleo","Fire","Normal",62,50,58,73,54,72,6,FALSE,"<=500"
668,"Pyroar","Fire","Normal",86,68,72,109,66,106,6,FALSE,">500"
669,"FlabÌÄå©bÌÄå©","Fairy","NO",44,38,39,61,79,42,6,FALSE,"<=500"
670,"Floette","Fairy","NO",54,45,47,75,98,52,6,FALSE,"<=500"
671,"Florges","Fairy","NO",78,65,68,112,154,75,6,FALSE,">500"
672,"Skiddo","Grass","NO",66,65,48,62,57,52,6,FALSE,"<=500"
673,"Gogoat","Grass","NO",123,100,62,97,81,68,6,FALSE,">500"
674,"Pancham","Fighting","NO",67,82,62,46,48,43,6,FALSE,"<=500"
675,"Pangoro","Fighting","Dark",95,124,78,69,71,58,6,FALSE,"<=500"
676,"Furfrou","Normal","NO",75,80,60,65,90,102,6,FALSE,"<=500"
677,"Espurr","Psychic","NO",62,48,54,63,60,68,6,FALSE,"<=500"
678,"MeowsticMale","Psychic","NO",74,48,76,83,81,104,6,FALSE,"<=500"
678,"MeowsticFemale","Psychic","NO",74,48,76,83,81,104,6,FALSE,"<=500"
679,"Honedge","Steel","Ghost",45,80,100,35,37,28,6,FALSE,"<=500"
680,"Doublade","Steel","Ghost",59,110,150,45,49,35,6,FALSE,"<=500"
681,"AegislashBlade Forme","Steel","Ghost",60,150,50,150,50,60,6,FALSE,">500"
681,"AegislashShield Forme","Steel","Ghost",60,50,150,50,150,60,6,FALSE,">500"
682,"Spritzee","Fairy","NO",78,52,60,63,65,23,6,FALSE,"<=500"
683,"Aromatisse","Fairy","NO",101,72,72,99,89,29,6,FALSE,"<=500"
684,"Swirlix","Fairy","NO",62,48,66,59,57,49,6,FALSE,"<=500"
685,"Slurpuff","Fairy","NO",82,80,86,85,75,72,6,FALSE,"<=500"
686,"Inkay","Dark","Psychic",53,54,53,37,46,45,6,FALSE,"<=500"
687,"Malamar","Dark","Psychic",86,92,88,68,75,73,6,FALSE,"<=500"
688,"Binacle","Rock","Water",42,52,67,39,56,50,6,FALSE,"<=500"
689,"Barbaracle","Rock","Water",72,105,115,54,86,68,6,FALSE,"<=500"
690,"Skrelp","Poison","Water",50,60,60,60,60,30,6,FALSE,"<=500"
691,"Dragalge","Poison","Dragon",65,75,90,97,123,44,6,FALSE,"<=500"
692,"Clauncher","Water","NO",50,53,62,58,63,44,6,FALSE,"<=500"
693,"Clawitzer","Water","NO",71,73,88,120,89,59,6,FALSE,"<=500"
694,"Helioptile","Electric","Normal",44,38,33,61,43,70,6,FALSE,"<=500"
695,"Heliolisk","Electric","Normal",62,55,52,109,94,109,6,FALSE,"<=500"
696,"Tyrunt","Rock","Dragon",58,89,77,45,45,48,6,FALSE,"<=500"
697,"Tyrantrum","Rock","Dragon",82,121,119,69,59,71,6,FALSE,">500"
698,"Amaura","Rock","Ice",77,59,50,67,63,46,6,FALSE,"<=500"
699,"Aurorus","Rock","Ice",123,77,72,99,92,58,6,FALSE,">500"
700,"Sylveon","Fairy","NO",95,65,65,110,130,60,6,FALSE,">500"
701,"Hawlucha","Fighting","Flying",78,92,75,74,63,118,6,FALSE,"<=500"
702,"Dedenne","Electric","Fairy",67,58,57,81,67,101,6,FALSE,"<=500"
703,"Carbink","Rock","Fairy",50,50,150,50,150,50,6,FALSE,"<=500"
704,"Goomy","Dragon","NO",45,50,35,55,75,40,6,FALSE,"<=500"
705,"Sliggoo","Dragon","NO",68,75,53,83,113,60,6,FALSE,"<=500"
706,"Goodra","Dragon","NO",90,100,70,110,150,80,6,FALSE,">500"
707,"Klefki","Steel","Fairy",57,80,91,80,87,75,6,FALSE,"<=500"
708,"Phantump","Ghost","Grass",43,70,48,50,60,38,6,FALSE,"<=500"
709,"Trevenant","Ghost","Grass",85,110,76,65,82,56,6,FALSE,"<=500"
710,"PumpkabooAverage Size","Ghost","Grass",49,66,70,44,55,51,6,FALSE,"<=500"
710,"PumpkabooSmall Size","Ghost","Grass",44,66,70,44,55,56,6,FALSE,"<=500"
710,"PumpkabooLarge Size","Ghost","Grass",54,66,70,44,55,46,6,FALSE,"<=500"
710,"PumpkabooSuper Size","Ghost","Grass",59,66,70,44,55,41,6,FALSE,"<=500"
711,"GourgeistAverage Size","Ghost","Grass",65,90,122,58,75,84,6,FALSE,"<=500"
711,"GourgeistSmall Size","Ghost","Grass",55,85,122,58,75,99,6,FALSE,"<=500"
711,"GourgeistLarge Size","Ghost","Grass",75,95,122,58,75,69,6,FALSE,"<=500"
711,"GourgeistSuper Size","Ghost","Grass",85,100,122,58,75,54,6,FALSE,"<=500"
712,"Bergmite","Ice","NO",55,69,85,32,35,28,6,FALSE,"<=500"
713,"Avalugg","Ice","NO",95,117,184,44,46,28,6,FALSE,">500"
714,"Noibat","Flying","Dragon",40,30,35,45,40,55,6,FALSE,"<=500"
715,"Noivern","Flying","Dragon",85,70,80,97,80,123,6,FALSE,">500"
716,"Xerneas","Fairy","NO",126,131,95,131,98,99,6,TRUE,">500"
717,"Yveltal","Dark","Flying",126,131,95,131,98,99,6,TRUE,">500"
718,"Zygarde50% Forme","Dragon","Ground",108,100,121,81,95,95,6,TRUE,">500"
719,"Diancie","Rock","Fairy",50,100,150,100,150,50,6,TRUE,">500"
719,"DiancieMega Diancie","Rock","Fairy",50,160,110,160,110,110,6,TRUE,">500"
720,"HoopaHoopa Confined","Psychic","Ghost",80,110,60,150,130,70,6,TRUE,">500"
720,"HoopaHoopa Unbound","Psychic","Dark",80,160,60,170,130,80,6,TRUE,">500"
721,"Volcanion","Fire","Water",80,110,120,130,90,70,6,TRUE,">500"
